
{
  "header": {
    "event": "Allocation failed - JavaScript heap out of memory",
    "trigger": "FatalError",
    "filename": "report.20201116.161655.24.001.json",
    "dumpEventTime": "2020-11-16T16:16:55Z",
    "dumpEventTimeStamp": "1605543415854",
    "processId": 24,
    "commandLine": [
      "node",
      "/usr/src/app/node_modules/react-scripts/scripts/start.js"
    ],
    "nodejsVersion": "v11.12.0",
    "wordSize": 64,
    "arch": "x64",
    "platform": "linux",
    "componentVersions": {
      "node": "11.12.0",
      "v8": "7.0.276.38-node.18",
      "uv": "1.26.0",
      "zlib": "1.2.11",
      "brotli": "1.0.7",
      "ares": "1.15.0",
      "modules": "67",
      "nghttp2": "1.34.0",
      "napi": "4",
      "llhttp": "1.1.1",
      "http_parser": "2.8.0",
      "openssl": "1.1.1b",
      "cldr": "34.0",
      "icu": "63.1",
      "tz": "2018e",
      "unicode": "11.0"
    },
    "release": {
      "name": "node",
      "headersUrl": "https://nodejs.org/download/release/v11.12.0/node-v11.12.0-headers.tar.gz",
      "sourceUrl": "https://nodejs.org/download/release/v11.12.0/node-v11.12.0.tar.gz"
    },
    "osName": "Linux",
    "osRelease": "4.19.76-linuxkit",
    "osVersion": "#1 SMP Thu Oct 17 19:31:58 UTC 2019",
    "osMachine": "x86_64",
    "host": "847f13869d51"
  },
  "javascriptStack": {
    "message": "No stack.",
    "stack": [
      "Unavailable."
    ]
  },
  "nativeStack": [
  ],
  "javascriptHeap": {
    "totalMemory": 1383153664,
    "totalCommittedMemory": 1380484960,
    "usedMemory": 1189994320,
    "availableMemory": 160304088,
    "memoryLimit": 1526909922,
    "heapSpaces": {
      "read_only_space": {
        "memorySize": 524288,
        "committedMemory": 42224,
        "capacity": 515584,
        "used": 33520,
        "available": 482064
      },
      "new_space": {
        "memorySize": 2097152,
        "committedMemory": 1075848,
        "capacity": 1031168,
        "used": 9904,
        "available": 1021264
      },
      "old_space": {
        "memorySize": 1310920704,
        "committedMemory": 1310466456,
        "capacity": 1142020920,
        "used": 1126784448,
        "available": 15236472
      },
      "code_space": {
        "memorySize": 5767168,
        "committedMemory": 5436736,
        "capacity": 4465376,
        "used": 4465376,
        "available": 0
      },
      "map_space": {
        "memorySize": 6828032,
        "committedMemory": 6447376,
        "capacity": 3172240,
        "used": 3172240,
        "available": 0
      },
      "large_object_space": {
        "memorySize": 57016320,
        "committedMemory": 57016320,
        "capacity": 199093120,
        "used": 55528832,
        "available": 143564288
      },
      "new_large_object_space": {
        "memorySize": 0,
        "committedMemory": 0,
        "capacity": 0,
        "used": 0,
        "available": 0
      }
    }
  },
  "resourceUsage": {
    "userCpuSeconds": 138.909,
    "kernelCpuSeconds": 67.225,
    "cpuConsumptionPercent": 51.5335,
    "maxRss": 1302994944,
    "pageFaults": {
      "IORequired": 1954738,
      "IONotRequired": 2746380
    },
    "fsActivity": {
      "reads": 18520704,
      "writes": 6544
    }
  },
  "uvthreadResourceUsage": {
    "userCpuSeconds": 69.124,
    "kernelCpuSeconds": 19.9249,
    "cpuConsumptionPercent": 22.2622,
    "fsActivity": {
      "reads": 5404680,
      "writes": 0
    }
  },
  "libuv": [
  ],
  "environmentVariables": {
    "npm_config_cache_lock_stale": "60000",
    "npm_config_ham_it_up": "",
    "npm_config_legacy_bundling": "",
    "npm_config_sign_git_tag": "",
    "npm_config_user_agent": "npm/6.7.0 node/v11.12.0 linux x64",
    "npm_config_always_auth": "",
    "NODE_VERSION": "11.12.0",
    "npm_config_bin_links": "true",
    "npm_config_key": "",
    "HOSTNAME": "847f13869d51",
    "YARN_VERSION": "1.15.2",
    "npm_config_allow_same_version": "",
    "npm_config_description": "true",
    "npm_config_fetch_retries": "2",
    "npm_config_heading": "npm",
    "npm_config_if_present": "",
    "npm_config_init_version": "1.0.0",
    "npm_config_user": "",
    "npm_node_execpath": "/usr/local/bin/node",
    "npm_package_devDependencies_es6_plato": "^1.2.3",
    "npm_config_prefer_online": "",
    "npm_config_noproxy": "",
    "SHLVL": "1",
    "HOME": "/root",
    "npm_config_force": "",
    "npm_config_only": "",
    "npm_config_read_only": "",
    "npm_package_devDependencies_enzyme_adapter_react_16": "^1.11.2",
    "npm_config_cache_min": "10",
    "npm_config_init_license": "ISC",
    "npm_config_editor": "vi",
    "npm_config_rollback": "true",
    "npm_config_tag_version_prefix": "v",
    "npm_config_cache_max": "Infinity",
    "npm_config_timing": "",
    "npm_config_userconfig": "/root/.npmrc",
    "npm_package_devDependencies_eslint_plugin_react_hooks": "^3.0.0",
    "npm_config_engine_strict": "",
    "npm_config_init_author_name": "",
    "npm_config_init_author_url": "",
    "npm_config_preid": "",
    "npm_config_tmp": "/tmp",
    "npm_package_dependencies_react_router_dom": "^5.0.0",
    "npm_package_dependencies_react_scripts": "2.1.8",
    "npm_config_depth": "Infinity",
    "npm_config_package_lock_only": "",
    "npm_config_save_dev": "",
    "npm_config_usage": "",
    "npm_config_metrics_registry": "https://registry.npmjs.org/",
    "npm_config_cafile": "",
    "npm_config_otp": "",
    "npm_config_package_lock": "true",
    "npm_config_progress": "true",
    "npm_config_https_proxy": "",
    "npm_config_save_prod": "",
    "npm_config_audit": "true",
    "npm_config_cidr": "",
    "npm_config_onload_script": "",
    "npm_config_sso_type": "oauth",
    "npm_config_rebuild_bundle": "true",
    "npm_config_save_bundle": "",
    "npm_config_shell": "bash",
    "npm_package_private": "true",
    "npm_config_dry_run": "",
    "npm_config_prefix": "/usr/local",
    "npm_config_scope": "",
    "npm_config_browser": "",
    "npm_config_cache_lock_wait": "10000",
    "npm_config_ignore_prepublish": "",
    "npm_config_registry": "https://registry.npmjs.org/",
    "npm_config_save_optional": "",
    "npm_config_searchopts": "",
    "npm_config_versions": "",
    "npm_package_devDependencies_jscpd": "^3.3.0-rc.6",
    "npm_config_cache": "/root/.npm",
    "npm_config_proxy": "",
    "npm_config_send_metrics": "",
    "npm_package_scripts_start": "react-scripts start",
    "npm_config_global_style": "",
    "npm_config_ignore_scripts": "",
    "npm_config_version": "",
    "npm_package_dependencies_axios": "^0.18.1",
    "npm_config_local_address": "",
    "npm_config_viewer": "man",
    "npm_config_node_gyp": "/usr/local/lib/node_modules/npm/node_modules/node-gyp/bin/node-gyp.js",
    "PATH": "/usr/local/lib/node_modules/npm/node_modules/npm-lifecycle/node-gyp-bin:/usr/src/app/node_modules/.bin:/usr/src/app/node_modules/.bin:/usr/local/sbin:/usr/local/bin:/usr/sbin:/usr/bin:/sbin:/bin",
    "npm_package_name": "analytics-gui",
    "npm_config_audit_level": "low",
    "npm_config_prefer_offline": "",
    "NODE": "/usr/local/bin/node",
    "CHOKIDAR_USEPOLLING": "true",
    "npm_config_color": "true",
    "npm_config_sign_git_commit": "",
    "npm_package_scripts_eject": "react-scripts eject",
    "npm_config_fetch_retry_mintimeout": "10000",
    "npm_config_maxsockets": "50",
    "npm_config_offline": "",
    "npm_config_sso_poll_frequency": "500",
    "npm_package_dependencies_react_dom": "^16.14.0",
    "npm_config_umask": "0022",
    "npm_package_browserslist_0": ">0.2%",
    "npm_config_fetch_retry_maxtimeout": "60000",
    "npm_config_loglevel": "notice",
    "npm_config_logs_max": "10",
    "npm_config_message": "%s",
    "npm_lifecycle_script": "react-scripts start",
    "npm_package_scripts_test": "react-scripts test",
    "npm_package_browserslist_1": "not dead",
    "npm_config_ca": "",
    "npm_config_cert": "",
    "npm_config_global": "",
    "npm_config_link": "",
    "npm_package_version": "0.1.0",
    "npm_package_browserslist_2": "not ie <= 11",
    "npm_config_access": "",
    "npm_config_also": "",
    "npm_config_save": "true",
    "npm_config_unicode": "",
    "npm_lifecycle_event": "start",
    "npm_package_scripts_build": "react-scripts build",
    "npm_package_browserslist_3": "not op_mini all",
    "npm_config_argv": "{\"remain\":[],\"cooked\":[\"start\"],\"original\":[\"start\"]}",
    "npm_config_long": "",
    "npm_config_production": "",
    "npm_config_searchlimit": "20",
    "npm_config_unsafe_perm": "",
    "npm_config_update_notifier": "true",
    "npm_config_auth_type": "legacy",
    "npm_config_node_version": "11.12.0",
    "npm_config_tag": "latest",
    "npm_config_git_tag_version": "true",
    "npm_config_commit_hooks": "true",
    "npm_config_script_shell": "",
    "npm_config_shrinkwrap": "true",
    "npm_package_dependencies_react_bootstrap": "^1.4.0",
    "npm_config_fetch_retry_factor": "10",
    "npm_config_save_exact": "",
    "npm_config_strict_ssl": "true",
    "npm_config_dev": "",
    "npm_config_globalconfig": "/usr/local/etc/npmrc",
    "npm_config_init_module": "/root/.npm-init.js",
    "npm_config_parseable": "",
    "npm_package_dependencies_bootstrap": "^4.5.3",
    "npm_package_dependencies_react_plotly_js": "^2.4.0",
    "npm_package_devDependencies_enzyme": "^3.9.0",
    "npm_config_globalignorefile": "/usr/local/etc/npmignore",
    "npm_execpath": "/usr/local/lib/node_modules/npm/bin/npm-cli.js",
    "PWD": "/usr/src/app",
    "npm_config_cache_lock_retries": "10",
    "npm_config_searchstaleness": "900",
    "npm_package_dependencies_plotly_js": "^1.45.3",
    "npm_config_node_options": "",
    "npm_config_save_prefix": "^",
    "npm_config_scripts_prepend_node_path": "warn-only",
    "npm_config_group": "",
    "npm_config_init_author_email": "",
    "npm_config_searchexclude": "",
    "npm_config_git": "git",
    "npm_config_optional": "true",
    "npm_package_dependencies_react": "^16.14.0",
    "npm_package_eslintConfig_extends": "react-app",
    "npm_config_json": "",
    "INIT_CWD": "/usr/src/app",
    "BABEL_ENV": "development",
    "NODE_ENV": "development",
    "NODE_PATH": ""
  },
  "userLimits": {
    "core_file_size_blocks": {
      "soft": 0,
      "hard": "unlimited"
    },
    "data_seg_size_kbytes": {
      "soft": "unlimited",
      "hard": "unlimited"
    },
    "file_size_blocks": {
      "soft": "unlimited",
      "hard": "unlimited"
    },
    "max_locked_memory_bytes": {
      "soft": 83968000,
      "hard": 83968000
    },
    "max_memory_size_kbytes": {
      "soft": "unlimited",
      "hard": "unlimited"
    },
    "open_files": {
      "soft": 1048576,
      "hard": 1048576
    },
    "stack_size_bytes": {
      "soft": 8388608,
      "hard": "unlimited"
    },
    "cpu_time_seconds": {
      "soft": "unlimited",
      "hard": "unlimited"
    },
    "max_user_processes": {
      "soft": "unlimited",
      "hard": "unlimited"
    },
    "virtual_memory_kbytes": {
      "soft": "unlimited",
      "hard": "unlimited"
    }
  },
  "sharedObjects": [
    "/usr/local/bin/node",
    "/usr/lib/libstdc++.so.6",
    "/usr/lib/libgcc_s.so.1",
    "/lib/ld-musl-x86_64.so.1"
  ]
}